,bll.us,tmo.us,ceco.us,emr.us,mchp.us
bll.us,1.0,0.36208280144794597,0.19091022861583978,0.4483913638190728,0.2506026030536407
tmo.us,0.36208280144794597,1.0,0.19577714980150232,0.4529443823915262,0.33854615338842325
ceco.us,0.19091022861583978,0.19577714980150232,1.0,0.21619362642459825,0.159784281156368
emr.us,0.4483913638190728,0.4529443823915262,0.21619362642459825,1.0,0.35310177225784645
mchp.us,0.2506026030536407,0.33854615338842325,0.159784281156368,0.35310177225784645,1.0
