,bll.us,tmo.us,ceco.us,emr.us,mchp.us
bll.us,0.000341776349683431,0.00013793689207444956,0.00013291240834222706,0.00015625908928707533,0.00014553217277387735
tmo.us,0.00013793689207444956,0.00042462256785508304,0.00015192486668953785,0.0001759395431228537,0.0002191400981746463
ceco.us,0.00013291240834222706,0.00015192486668953785,0.0014181777009006713,0.00015347062387451206,0.00018901741149840505
emr.us,0.00015625908928707533,0.0001759395431228537,0.00015347062387451206,0.00035533181312839075,0.00020908331412936953
mchp.us,0.00014553217277387735,0.0002191400981746463,0.00018901741149840505,0.00020908331412936953,0.0009867448402606932
